monthlycharges,total_customers,avg_tenure,avg_total_revenue
"(19.821, 55.8]",81,40.20987654320987,4448.135802469136
"(55.8, 91.6]",93,39.956989247311824,4218.419354838709
"(91.6, 127.4]",87,39.97701149425287,4486.137931034483
"(127.4, 163.2]",88,40.55681818181818,3802.7727272727275
"(163.2, 199.0]",98,40.08163265306123,4237.816326530612
