paymentmethod,total_customers,avg_clv
Bank Transfer,148,4113.972972972973
Credit Card,154,4365.1558441558445
Electronic Check,145,4218.993103448276
