,mean,sum
,totalcharges,totalcharges
paymentmethod,,
Bank Transfer,4113.972972972973,608868
Credit Card,4365.1558441558445,672234
Electronic Check,4218.993103448276,611754
